{
  "Name": "Simple Dark Soft",
  "Description": "Simple Dark Soft — lower contrast for long sessions",
  "Guid": "AD992FEA-EA1C-46AD-8134-F9E9ACC1A93C",
  "Tags": [],
  "Bound Hosts": [],
  "Ansi 0 Color (Dark)": {
    "Red Component": 0.12549019607843137,
    "Green Component": 0.12941176470588237,
    "Blue Component": 0.1411764705882353,
    "Alpha Component": 1,
    "Color Space": "sRGB"
  },
  "Ansi 1 Color (Dark)": {
    "Red Component": 0.9568627450980393,
    "Green Component": 0.35294117647058826,
    "Blue Component": 0.3333333333333333,
    "Alpha Component": 1,
    "Color Space": "sRGB"
  },
  "Ansi 2 Color (Dark)": {
    "Red Component": 0.33725490196078434,
    "Green Component": 0.7254901960784313,
    "Blue Component": 0.4980392156862745,
    "Alpha Component": 1,
    "Color Space": "sRGB"
  },
  "Ansi 3 Color (Dark)": {
    "Red Component": 0.7529411764705882,
    "Green Component": 0.7607843137254902,
    "Blue Component": 0.39215686274509803,
    "Alpha Component": 1,
    "Color Space": "sRGB"
  },
  "Ansi 4 Color (Dark)": {
    "Red Component": 0.35294117647058826,
    "Green Component": 0.6980392156862745,
    "Blue Component": 0.7764705882352941,
    "Alpha Component": 1,
    "Color Space": "sRGB"
  },
  "Ansi 5 Color (Dark)": {
    "Red Component": 0.9607843137254902,
    "Green Component": 0.4470588235294118,
    "Blue Component": 0.7176470588235294,
    "Alpha Component": 1,
    "Color Space": "sRGB"
  },
  "Ansi 6 Color (Dark)": {
    "Red Component": 0.611764705882353,
    "Green Component": 0.796078431372549,
    "Blue Component": 0.8196078431372549,
    "Alpha Component": 1,
    "Color Space": "sRGB"
  },
  "Ansi 7 Color (Dark)": {
    "Red Component": 0.7411764705882353,
    "Green Component": 0.7411764705882353,
    "Blue Component": 0.7411764705882353,
    "Alpha Component": 1,
    "Color Space": "sRGB"
  },
  "Ansi 8 Color (Dark)": {
    "Red Component": 0.45098039215686275,
    "Green Component": 0.45098039215686275,
    "Blue Component": 0.45098039215686275,
    "Alpha Component": 1,
    "Color Space": "sRGB"
  },
  "Ansi 9 Color (Dark)": {
    "Red Component": 1,
    "Green Component": 0.38823529411764707,
    "Blue Component": 0.2784313725490196,
    "Alpha Component": 1,
    "Color Space": "sRGB"
  },
  "Ansi 10 Color (Dark)": {
    "Red Component": 0.7647058823529411,
    "Green Component": 0.9098039215686274,
    "Blue Component": 0.5529411764705883,
    "Alpha Component": 1,
    "Color Space": "sRGB"
  },
  "Ansi 11 Color (Dark)": {
    "Red Component": 0.6470588235294118,
    "Green Component": 0.7686274509803922,
    "Blue Component": 0.48627450980392156,
    "Alpha Component": 1,
    "Color Space": "sRGB"
  },
  "Ansi 12 Color (Dark)": {
    "Red Component": 0.4588235294117647,
    "Green Component": 0.6705882352941176,
    "Blue Component": 0.8784313725490196,
    "Alpha Component": 1,
    "Color Space": "sRGB"
  },
  "Ansi 13 Color (Dark)": {
    "Red Component": 0.7411764705882353,
    "Green Component": 0.5764705882352941,
    "Blue Component": 0.9764705882352941,
    "Alpha Component": 1,
    "Color Space": "sRGB"
  },
  "Ansi 14 Color (Dark)": {
    "Red Component": 0.7843137254901961,
    "Green Component": 0.8313725490196079,
    "Blue Component": 0.8274509803921568,
    "Alpha Component": 1,
    "Color Space": "sRGB"
  },
  "Ansi 15 Color (Dark)": {
    "Red Component": 0.9411764705882353,
    "Green Component": 0.9411764705882353,
    "Blue Component": 0.9411764705882353,
    "Alpha Component": 1,
    "Color Space": "sRGB"
  },
  "Ansi 0 Color (Light)": {
    "Red Component": 0.12549019607843137,
    "Green Component": 0.12941176470588237,
    "Blue Component": 0.1411764705882353,
    "Alpha Component": 1,
    "Color Space": "sRGB"
  },
  "Ansi 1 Color (Light)": {
    "Red Component": 0.9568627450980393,
    "Green Component": 0.35294117647058826,
    "Blue Component": 0.3333333333333333,
    "Alpha Component": 1,
    "Color Space": "sRGB"
  },
  "Ansi 2 Color (Light)": {
    "Red Component": 0.33725490196078434,
    "Green Component": 0.7254901960784313,
    "Blue Component": 0.4980392156862745,
    "Alpha Component": 1,
    "Color Space": "sRGB"
  },
  "Ansi 3 Color (Light)": {
    "Red Component": 0.7529411764705882,
    "Green Component": 0.7607843137254902,
    "Blue Component": 0.39215686274509803,
    "Alpha Component": 1,
    "Color Space": "sRGB"
  },
  "Ansi 4 Color (Light)": {
    "Red Component": 0.35294117647058826,
    "Green Component": 0.6980392156862745,
    "Blue Component": 0.7764705882352941,
    "Alpha Component": 1,
    "Color Space": "sRGB"
  },
  "Ansi 5 Color (Light)": {
    "Red Component": 0.9607843137254902,
    "Green Component": 0.4470588235294118,
    "Blue Component": 0.7176470588235294,
    "Alpha Component": 1,
    "Color Space": "sRGB"
  },
  "Ansi 6 Color (Light)": {
    "Red Component": 0.611764705882353,
    "Green Component": 0.796078431372549,
    "Blue Component": 0.8196078431372549,
    "Alpha Component": 1,
    "Color Space": "sRGB"
  },
  "Ansi 7 Color (Light)": {
    "Red Component": 0.7411764705882353,
    "Green Component": 0.7411764705882353,
    "Blue Component": 0.7411764705882353,
    "Alpha Component": 1,
    "Color Space": "sRGB"
  },
  "Ansi 8 Color (Light)": {
    "Red Component": 0.45098039215686275,
    "Green Component": 0.45098039215686275,
    "Blue Component": 0.45098039215686275,
    "Alpha Component": 1,
    "Color Space": "sRGB"
  },
  "Ansi 9 Color (Light)": {
    "Red Component": 1,
    "Green Component": 0.38823529411764707,
    "Blue Component": 0.2784313725490196,
    "Alpha Component": 1,
    "Color Space": "sRGB"
  },
  "Ansi 10 Color (Light)": {
    "Red Component": 0.7647058823529411,
    "Green Component": 0.9098039215686274,
    "Blue Component": 0.5529411764705883,
    "Alpha Component": 1,
    "Color Space": "sRGB"
  },
  "Ansi 11 Color (Light)": {
    "Red Component": 0.6470588235294118,
    "Green Component": 0.7686274509803922,
    "Blue Component": 0.48627450980392156,
    "Alpha Component": 1,
    "Color Space": "sRGB"
  },
  "Ansi 12 Color (Light)": {
    "Red Component": 0.4588235294117647,
    "Green Component": 0.6705882352941176,
    "Blue Component": 0.8784313725490196,
    "Alpha Component": 1,
    "Color Space": "sRGB"
  },
  "Ansi 13 Color (Light)": {
    "Red Component": 0.7411764705882353,
    "Green Component": 0.5764705882352941,
    "Blue Component": 0.9764705882352941,
    "Alpha Component": 1,
    "Color Space": "sRGB"
  },
  "Ansi 14 Color (Light)": {
    "Red Component": 0.7843137254901961,
    "Green Component": 0.8313725490196079,
    "Blue Component": 0.8274509803921568,
    "Alpha Component": 1,
    "Color Space": "sRGB"
  },
  "Ansi 15 Color (Light)": {
    "Red Component": 0.9411764705882353,
    "Green Component": 0.9411764705882353,
    "Blue Component": 0.9411764705882353,
    "Alpha Component": 1,
    "Color Space": "sRGB"
  },
  "Ansi 0 Color": {
    "Red Component": 0.12549019607843137,
    "Green Component": 0.12941176470588237,
    "Blue Component": 0.1411764705882353,
    "Alpha Component": 1,
    "Color Space": "sRGB"
  },
  "Ansi 1 Color": {
    "Red Component": 0.9568627450980393,
    "Green Component": 0.35294117647058826,
    "Blue Component": 0.3333333333333333,
    "Alpha Component": 1,
    "Color Space": "sRGB"
  },
  "Ansi 2 Color": {
    "Red Component": 0.33725490196078434,
    "Green Component": 0.7254901960784313,
    "Blue Component": 0.4980392156862745,
    "Alpha Component": 1,
    "Color Space": "sRGB"
  },
  "Ansi 3 Color": {
    "Red Component": 0.7529411764705882,
    "Green Component": 0.7607843137254902,
    "Blue Component": 0.39215686274509803,
    "Alpha Component": 1,
    "Color Space": "sRGB"
  },
  "Ansi 4 Color": {
    "Red Component": 0.35294117647058826,
    "Green Component": 0.6980392156862745,
    "Blue Component": 0.7764705882352941,
    "Alpha Component": 1,
    "Color Space": "sRGB"
  },